lat_center,lon_center,x,y,img_id,vegetation_pct,water_pct
-3.90688,-38.65188,0,0,00_00,0.3116,0.0019
-3.90688,-38.64542,1,0,01_00,0.7502,0.0
-3.90688,-38.63897,2,0,02_00,0.8573,0.0
-3.90688,-38.63252,3,0,03_00,0.5921,0.0
-3.90688,-38.62607,4,0,04_00,0.5764,0.0
-3.90688,-38.61962,5,0,05_00,0.3262,0.0
-3.90688,-38.61317,6,0,06_00,0.1692,0.0
-3.90688,-38.60671,7,0,07_00,0.3164,0.0
-3.90688,-38.60026,8,0,08_00,0.2291,0.0089
-3.90688,-38.59381,9,0,09_00,0.2165,0.1737
-3.90688,-38.58736,10,0,10_00,0.6709,0.098
-3.90688,-38.58091,11,0,11_00,0.6634,0.0
-3.90688,-38.57446,12,0,12_00,0.5776,0.0223
-3.90688,-38.568,13,0,13_00,0.5409,0.0
-3.90688,-38.56155,14,0,14_00,0.3499,0.0
-3.90688,-38.5551,15,0,15_00,0.4919,0.0
-3.90688,-38.54865,16,0,16_00,0.7256,0.0
-3.90688,-38.5422,17,0,17_00,0.1133,0.204
-3.90688,-38.53575,18,0,18_00,0.2132,0.0
-3.90688,-38.52929,19,0,19_00,0.1474,0.0
-3.90688,-38.52284,20,0,20_00,0.0236,0.0
-3.90688,-38.51639,21,0,21_00,0.0196,0.0
-3.90688,-38.50994,22,0,22_00,0.0598,0.0
-3.90688,-38.50349,23,0,23_00,0.3703,0.001
-3.90688,-38.49704,24,0,24_00,0.0522,0.5794
-3.90688,-38.49058,25,0,25_00,0.4097,0.0295
-3.90688,-38.48413,26,0,26_00,0.3744,0.1623
-3.90688,-38.47768,27,0,27_00,0.0251,0.5503
-3.90688,-38.47123,28,0,28_00,0.0,0.9893
-3.90688,-38.46478,29,0,29_00,0.0434,0.7023
-3.90688,-38.45833,30,0,30_00,0.3565,0.0
-3.90688,-38.45188,31,0,31_00,0.0204,0.0
-3.90042,-38.65188,0,1,00_01,0.4297,0.0
-3.90042,-38.64542,1,1,01_01,0.7697,0.0
-3.90042,-38.63897,2,1,02_01,0.8675,0.0
-3.90042,-38.63252,3,1,03_01,0.6542,0.0
-3.90042,-38.62607,4,1,04_01,0.555,0.0
-3.90042,-38.61962,5,1,05_01,0.2124,0.0
-3.90042,-38.61317,6,1,06_01,0.0468,0.0
-3.90042,-38.60671,7,1,07_01,0.3804,0.0
-3.90042,-38.60026,8,1,08_01,0.4737,0.0
-3.90042,-38.59381,9,1,09_01,0.6149,0.0
-3.90042,-38.58736,10,1,10_01,0.6074,0.0
-3.90042,-38.58091,11,1,11_01,0.4004,0.0
-3.90042,-38.57446,12,1,12_01,0.477,0.0
-3.90042,-38.568,13,1,13_01,0.5939,0.0
-3.90042,-38.56155,14,1,14_01,0.3358,0.008
-3.90042,-38.5551,15,1,15_01,0.649,0.0
-3.90042,-38.54865,16,1,16_01,0.7926,0.0
-3.90042,-38.5422,17,1,17_01,0.4265,0.0
-3.90042,-38.53575,18,1,18_01,0.4246,0.0399
-3.90042,-38.52929,19,1,19_01,0.3374,0.0006
-3.90042,-38.52284,20,1,20_01,0.0198,0.0
-3.90042,-38.51639,21,1,21_01,0.0187,0.0
-3.90042,-38.50994,22,1,22_01,0.0968,0.0
-3.90042,-38.50349,23,1,23_01,0.3301,0.0
-3.90042,-38.49704,24,1,24_01,0.1848,0.0
-3.90042,-38.49058,25,1,25_01,0.0632,0.1221
-3.90042,-38.48413,26,1,26_01,0.1524,0.079
-3.90042,-38.47768,27,1,27_01,0.1481,0.3055
-3.90042,-38.47123,28,1,28_01,0.0,0.7123
-3.90042,-38.46478,29,1,29_01,0.2024,0.4407
-3.90042,-38.45833,30,1,30_01,0.1748,0.0
-3.90042,-38.45188,31,1,31_01,0.0249,0.0
-3.89397,-38.65188,0,2,00_02,0.5178,0.0054
-3.89397,-38.64542,1,2,01_02,0.3248,0.0
-3.89397,-38.63897,2,2,02_02,0.5083,0.0
-3.89397,-38.63252,3,2,03_02,0.6174,0.0
-3.89397,-38.62607,4,2,04_02,0.3925,0.0
-3.89397,-38.61962,5,2,05_02,0.1381,0.0
-3.89397,-38.61317,6,2,06_02,0.0497,0.0
-3.89397,-38.60671,7,2,07_02,0.1628,0.0
-3.89397,-38.60026,8,2,08_02,0.3429,0.0
-3.89397,-38.59381,9,2,09_02,0.4064,0.0
-3.89397,-38.58736,10,2,10_02,0.5947,0.0
-3.89397,-38.58091,11,2,11_02,0.5056,0.0
-3.89397,-38.57446,12,2,12_02,0.5081,0.0
-3.89397,-38.568,13,2,13_02,0.5756,0.0
-3.89397,-38.56155,14,2,14_02,0.5605,0.0
-3.89397,-38.5551,15,2,15_02,0.5147,0.0
-3.89397,-38.54865,16,2,16_02,0.434,0.0
-3.89397,-38.5422,17,2,17_02,0.4751,0.0
-3.89397,-38.53575,18,2,18_02,0.3988,0.0002
-3.89397,-38.52929,19,2,19_02,0.0919,0.0
-3.89397,-38.52284,20,2,20_02,0.0516,0.0
-3.89397,-38.51639,21,2,21_02,0.0131,0.0
-3.89397,-38.50994,22,2,22_02,0.0602,0.0
-3.89397,-38.50349,23,2,23_02,0.0231,0.0
-3.89397,-38.49704,24,2,24_02,0.0455,0.0084
-3.89397,-38.49058,25,2,25_02,0.1287,0.0253
-3.89397,-38.48413,26,2,26_02,0.1266,0.0
-3.89397,-38.47768,27,2,27_02,0.1628,0.0
-3.89397,-38.47123,28,2,28_02,0.2286,0.1588
-3.89397,-38.46478,29,2,29_02,0.0956,0.1162
-3.89397,-38.45833,30,2,30_02,0.0029,0.0
-3.89397,-38.45188,31,2,31_02,0.0502,0.0
-3.88752,-38.65188,0,3,00_03,0.028,0.3999
-3.88752,-38.64542,1,3,01_03,0.0787,0.0662
-3.88752,-38.63897,2,3,02_03,0.053,0.0
-3.88752,-38.63252,3,3,03_03,0.1631,0.0
-3.88752,-38.62607,4,3,04_03,0.1474,0.0
-3.88752,-38.61962,5,3,05_03,0.0615,0.0
-3.88752,-38.61317,6,3,06_03,0.0367,0.0
-3.88752,-38.60671,7,3,07_03,0.1618,0.0
-3.88752,-38.60026,8,3,08_03,0.3688,0.0
-3.88752,-38.59381,9,3,09_03,0.2389,0.0
-3.88752,-38.58736,10,3,10_03,0.3462,0.0
-3.88752,-38.58091,11,3,11_03,0.1873,0.0
-3.88752,-38.57446,12,3,12_03,0.3237,0.0
-3.88752,-38.568,13,3,13_03,0.6203,0.0
-3.88752,-38.56155,14,3,14_03,0.7064,0.0
-3.88752,-38.5551,15,3,15_03,0.6002,0.0
-3.88752,-38.54865,16,3,16_03,0.0762,0.1325
-3.88752,-38.5422,17,3,17_03,0.4792,0.0
-3.88752,-38.53575,18,3,18_03,0.2264,0.0
-3.88752,-38.52929,19,3,19_03,0.1053,0.0626
-3.88752,-38.52284,20,3,20_03,0.1756,0.0546
-3.88752,-38.51639,21,3,21_03,0.0757,0.0
-3.88752,-38.50994,22,3,22_03,0.0053,0.0
-3.88752,-38.50349,23,3,23_03,0.0762,0.0
-3.88752,-38.49704,24,3,24_03,0.1423,0.0
-3.88752,-38.49058,25,3,25_03,0.1584,0.0
-3.88752,-38.48413,26,3,26_03,0.1538,0.0
-3.88752,-38.47768,27,3,27_03,0.362,0.0
-3.88752,-38.47123,28,3,28_03,0.2481,0.0
-3.88752,-38.46478,29,3,29_03,0.0725,0.0
-3.88752,-38.45833,30,3,30_03,0.0682,0.0
-3.88752,-38.45188,31,3,31_03,0.0699,0.0
-3.88107,-38.65188,0,4,00_04,0.1345,0.5881
-3.88107,-38.64542,1,4,01_04,0.3197,0.0234
-3.88107,-38.63897,2,4,02_04,0.1947,0.0
-3.88107,-38.63252,3,4,03_04,0.1218,0.0
-3.88107,-38.62607,4,4,04_04,0.0101,0.0426
-3.88107,-38.61962,5,4,05_04,0.0264,0.0
-3.88107,-38.61317,6,4,06_04,0.0246,0.0
-3.88107,-38.60671,7,4,07_04,0.124,0.0
-3.88107,-38.60026,8,4,08_04,0.2757,0.0
-3.88107,-38.59381,9,4,09_04,0.1821,0.0
-3.88107,-38.58736,10,4,10_04,0.1603,0.0
-3.88107,-38.58091,11,4,11_04,0.1346,0.0
-3.88107,-38.57446,12,4,12_04,0.258,0.0
-3.88107,-38.568,13,4,13_04,0.6274,0.0076
-3.88107,-38.56155,14,4,14_04,0.407,0.1798
-3.88107,-38.5551,15,4,15_04,0.3029,0.2462
-3.88107,-38.54865,16,4,16_04,0.5013,0.048
-3.88107,-38.5422,17,4,17_04,0.4866,0.0
-3.88107,-38.53575,18,4,18_04,0.1828,0.0
-3.88107,-38.52929,19,4,19_04,0.1043,0.0972
-3.88107,-38.52284,20,4,20_04,0.0517,0.3035
-3.88107,-38.51639,21,4,21_04,0.1222,0.0
-3.88107,-38.50994,22,4,22_04,0.1101,0.0
-3.88107,-38.50349,23,4,23_04,0.0575,0.0
-3.88107,-38.49704,24,4,24_04,0.1252,0.0
-3.88107,-38.49058,25,4,25_04,0.051,0.069
-3.88107,-38.48413,26,4,26_04,0.1873,0.0
-3.88107,-38.47768,27,4,27_04,0.102,0.0
-3.88107,-38.47123,28,4,28_04,0.0362,0.0
-3.88107,-38.46478,29,4,29_04,0.0085,0.0
-3.88107,-38.45833,30,4,30_04,0.0371,0.0
-3.88107,-38.45188,31,4,31_04,0.0444,0.0
-3.87462,-38.65188,0,5,00_05,0.2335,0.1909
-3.87462,-38.64542,1,5,01_05,0.7025,0.0
-3.87462,-38.63897,2,5,02_05,0.5939,0.0
-3.87462,-38.63252,3,5,03_05,0.3837,0.0
-3.87462,-38.62607,4,5,04_05,0.0368,0.0
-3.87462,-38.61962,5,5,05_05,0.037,0.0
-3.87462,-38.61317,6,5,06_05,0.0228,0.0
-3.87462,-38.60671,7,5,07_05,0.0199,0.0
-3.87462,-38.60026,8,5,08_05,0.0368,0.0
-3.87462,-38.59381,9,5,09_05,0.0452,0.0
-3.87462,-38.58736,10,5,10_05,0.0679,0.0
-3.87462,-38.58091,11,5,11_05,0.1923,0.0
-3.87462,-38.57446,12,5,12_05,0.597,0.0
-3.87462,-38.568,13,5,13_05,0.6577,0.0
-3.87462,-38.56155,14,5,14_05,0.447,0.0
-3.87462,-38.5551,15,5,15_05,0.3219,0.0039
-3.87462,-38.54865,16,5,16_05,0.3684,0.0407
-3.87462,-38.5422,17,5,17_05,0.3871,0.0
-3.87462,-38.53575,18,5,18_05,0.2713,0.0
-3.87462,-38.52929,19,5,19_05,0.1227,0.0
-3.87462,-38.52284,20,5,20_05,0.0,0.0007
-3.87462,-38.51639,21,5,21_05,0.0744,0.0331
-3.87462,-38.50994,22,5,22_05,0.0946,0.0
-3.87462,-38.50349,23,5,23_05,0.0577,0.0
-3.87462,-38.49704,24,5,24_05,0.1211,0.0
-3.87462,-38.49058,25,5,25_05,0.0865,0.0
-3.87462,-38.48413,26,5,26_05,0.18,0.0
-3.87462,-38.47768,27,5,27_05,0.0353,0.0
-3.87462,-38.47123,28,5,28_05,0.0125,0.0
-3.87462,-38.46478,29,5,29_05,0.0035,0.0
-3.87462,-38.45833,30,5,30_05,0.0074,0.0
-3.87462,-38.45188,31,5,31_05,0.0387,0.0
-3.86817,-38.65188,0,6,00_06,0.0536,0.0
-3.86817,-38.64542,1,6,01_06,0.2908,0.0
-3.86817,-38.63897,2,6,02_06,0.3938,0.0
-3.86817,-38.63252,3,6,03_06,0.3627,0.0
-3.86817,-38.62607,4,6,04_06,0.1026,0.0
-3.86817,-38.61962,5,6,05_06,0.1224,0.0
-3.86817,-38.61317,6,6,06_06,0.1458,0.0
-3.86817,-38.60671,7,6,07_06,0.1247,0.0
-3.86817,-38.60026,8,6,08_06,0.0709,0.0
-3.86817,-38.59381,9,6,09_06,0.0711,0.0
-3.86817,-38.58736,10,6,10_06,0.0073,0.0
-3.86817,-38.58091,11,6,11_06,0.0816,0.0
-3.86817,-38.57446,12,6,12_06,0.385,0.0
-3.86817,-38.568,13,6,13_06,0.6617,0.0
-3.86817,-38.56155,14,6,14_06,0.5444,0.0
-3.86817,-38.5551,15,6,15_06,0.206,0.0
-3.86817,-38.54865,16,6,16_06,0.2764,0.0116
-3.86817,-38.5422,17,6,17_06,0.6506,0.0
-3.86817,-38.53575,18,6,18_06,0.2309,0.0
-3.86817,-38.52929,19,6,19_06,0.1067,0.0065
-3.86817,-38.52284,20,6,20_06,0.0148,0.0
-3.86817,-38.51639,21,6,21_06,0.1478,0.0
-3.86817,-38.50994,22,6,22_06,0.0343,0.0
-3.86817,-38.50349,23,6,23_06,0.0124,0.0
-3.86817,-38.49704,24,6,24_06,0.0655,0.0
-3.86817,-38.49058,25,6,25_06,0.0681,0.0
-3.86817,-38.48413,26,6,26_06,0.0523,0.0
-3.86817,-38.47768,27,6,27_06,0.1786,0.0
-3.86817,-38.47123,28,6,28_06,0.0457,0.0
-3.86817,-38.46478,29,6,29_06,0.0339,0.0
-3.86817,-38.45833,30,6,30_06,0.0466,0.0
-3.86817,-38.45188,31,6,31_06,0.0958,0.0
-3.86171,-38.65188,0,7,00_07,0.0526,0.0
-3.86171,-38.64542,1,7,01_07,0.0331,0.0
-3.86171,-38.63897,2,7,02_07,0.0138,0.0
-3.86171,-38.63252,3,7,03_07,0.1198,0.0
-3.86171,-38.62607,4,7,04_07,0.0633,0.1664
-3.86171,-38.61962,5,7,05_07,0.0662,0.1001
-3.86171,-38.61317,6,7,06_07,0.2425,0.0
-3.86171,-38.60671,7,7,07_07,0.2792,0.0
-3.86171,-38.60026,8,7,08_07,0.2349,0.0
-3.86171,-38.59381,9,7,09_07,0.2332,0.0
-3.86171,-38.58736,10,7,10_07,0.0381,0.0
-3.86171,-38.58091,11,7,11_07,0.0072,0.0
-3.86171,-38.57446,12,7,12_07,0.0893,0.0
-3.86171,-38.568,13,7,13_07,0.4399,0.0
-3.86171,-38.56155,14,7,14_07,0.4808,0.0
-3.86171,-38.5551,15,7,15_07,0.3764,0.0
-3.86171,-38.54865,16,7,16_07,0.4085,0.0568
-3.86171,-38.5422,17,7,17_07,0.618,0.1358
-3.86171,-38.53575,18,7,18_07,0.4084,0.0
-3.86171,-38.52929,19,7,19_07,0.5158,0.0
-3.86171,-38.52284,20,7,20_07,0.2363,0.0
-3.86171,-38.51639,21,7,21_07,0.1253,0.0
-3.86171,-38.50994,22,7,22_07,0.0754,0.0
-3.86171,-38.50349,23,7,23_07,0.0001,0.0
-3.86171,-38.49704,24,7,24_07,0.0646,0.0
-3.86171,-38.49058,25,7,25_07,0.0343,0.0
-3.86171,-38.48413,26,7,26_07,0.022,0.0
-3.86171,-38.47768,27,7,27_07,0.0757,0.0
-3.86171,-38.47123,28,7,28_07,0.0769,0.0
-3.86171,-38.46478,29,7,29_07,0.0659,0.0
-3.86171,-38.45833,30,7,30_07,0.041,0.0
-3.86171,-38.45188,31,7,31_07,0.0302,0.0
-3.85526,-38.65188,0,8,00_08,0.1624,0.0
-3.85526,-38.64542,1,8,01_08,0.1273,0.0
-3.85526,-38.63897,2,8,02_08,0.1947,0.0
-3.85526,-38.63252,3,8,03_08,0.2896,0.0
-3.85526,-38.62607,4,8,04_08,0.1955,0.1727
-3.85526,-38.61962,5,8,05_08,0.0,0.0315
-3.85526,-38.61317,6,8,06_08,0.1484,0.0
-3.85526,-38.60671,7,8,07_08,0.3119,0.0
-3.85526,-38.60026,8,8,08_08,0.2419,0.0
-3.85526,-38.59381,9,8,09_08,0.1809,0.0
-3.85526,-38.58736,10,8,10_08,0.0453,0.0
-3.85526,-38.58091,11,8,11_08,0.0564,0.0
-3.85526,-38.57446,12,8,12_08,0.2793,0.0
-3.85526,-38.568,13,8,13_08,0.2649,0.0
-3.85526,-38.56155,14,8,14_08,0.0434,0.0
-3.85526,-38.5551,15,8,15_08,0.0589,0.0
-3.85526,-38.54865,16,8,16_08,0.3041,0.0
-3.85526,-38.5422,17,8,17_08,0.3965,0.2236
-3.85526,-38.53575,18,8,18_08,0.2721,0.0
-3.85526,-38.52929,19,8,19_08,0.5344,0.0009
-3.85526,-38.52284,20,8,20_08,0.1825,0.0
-3.85526,-38.51639,21,8,21_08,0.0163,0.0
-3.85526,-38.50994,22,8,22_08,0.0229,0.0
-3.85526,-38.50349,23,8,23_08,0.001,0.0
-3.85526,-38.49704,24,8,24_08,0.0729,0.0
-3.85526,-38.49058,25,8,25_08,0.0537,0.0
-3.85526,-38.48413,26,8,26_08,0.0175,0.0
-3.85526,-38.47768,27,8,27_08,0.0971,0.0
-3.85526,-38.47123,28,8,28_08,0.1853,0.0
-3.85526,-38.46478,29,8,29_08,0.0401,0.0
-3.85526,-38.45833,30,8,30_08,0.0068,0.0
-3.85526,-38.45188,31,8,31_08,0.0137,0.0
-3.84881,-38.65188,0,9,00_09,0.325,0.0
-3.84881,-38.64542,1,9,01_09,0.3986,0.0005
-3.84881,-38.63897,2,9,02_09,0.5336,0.0
-3.84881,-38.63252,3,9,03_09,0.6519,0.0
-3.84881,-38.62607,4,9,04_09,0.5277,0.0
-3.84881,-38.61962,5,9,05_09,0.1018,0.0
-3.84881,-38.61317,6,9,06_09,0.0188,0.0
-3.84881,-38.60671,7,9,07_09,0.1131,0.0
-3.84881,-38.60026,8,9,08_09,0.0886,0.0132
-3.84881,-38.59381,9,9,09_09,0.154,0.0
-3.84881,-38.58736,10,9,10_09,0.1283,0.0
-3.84881,-38.58091,11,9,11_09,0.1744,0.0
-3.84881,-38.57446,12,9,12_09,0.1659,0.0
-3.84881,-38.568,13,9,13_09,0.1952,0.0
-3.84881,-38.56155,14,9,14_09,0.0532,0.0
-3.84881,-38.5551,15,9,15_09,0.0949,0.0
-3.84881,-38.54865,16,9,16_09,0.3395,0.0
-3.84881,-38.5422,17,9,17_09,0.2847,0.0366
-3.84881,-38.53575,18,9,18_09,0.1631,0.2064
-3.84881,-38.52929,19,9,19_09,0.1015,0.1189
-3.84881,-38.52284,20,9,20_09,0.0078,0.0
-3.84881,-38.51639,21,9,21_09,0.0052,0.0
-3.84881,-38.50994,22,9,22_09,0.0057,0.0
-3.84881,-38.50349,23,9,23_09,0.0002,0.0
-3.84881,-38.49704,24,9,24_09,0.0258,0.0
-3.84881,-38.49058,25,9,25_09,0.0673,0.0
-3.84881,-38.48413,26,9,26_09,0.0616,0.0
-3.84881,-38.47768,27,9,27_09,0.0349,0.0
-3.84881,-38.47123,28,9,28_09,0.1086,0.0
-3.84881,-38.46478,29,9,29_09,0.1404,0.0709
-3.84881,-38.45833,30,9,30_09,0.0807,0.0405
-3.84881,-38.45188,31,9,31_09,0.0427,0.0
-3.84236,-38.65188,0,10,00_10,0.6888,0.0
-3.84236,-38.64542,1,10,01_10,0.5103,0.0
-3.84236,-38.63897,2,10,02_10,0.221,0.0659
-3.84236,-38.63252,3,10,03_10,0.264,0.021
-3.84236,-38.62607,4,10,04_10,0.2584,0.0
-3.84236,-38.61962,5,10,05_10,0.1916,0.0
-3.84236,-38.61317,6,10,06_10,0.036,0.0
-3.84236,-38.60671,7,10,07_10,0.0036,0.0
-3.84236,-38.60026,8,10,08_10,0.063,0.0
-3.84236,-38.59381,9,10,09_10,0.1235,0.0
-3.84236,-38.58736,10,10,10_10,0.1155,0.0
-3.84236,-38.58091,11,10,11_10,0.0895,0.0
-3.84236,-38.57446,12,10,12_10,0.0527,0.0
-3.84236,-38.568,13,10,13_10,0.0064,0.0
-3.84236,-38.56155,14,10,14_10,0.0188,0.0
-3.84236,-38.5551,15,10,15_10,0.0747,0.0
-3.84236,-38.54865,16,10,16_10,0.5277,0.0
-3.84236,-38.5422,17,10,17_10,0.4984,0.0
-3.84236,-38.53575,18,10,18_10,0.3501,0.0
-3.84236,-38.52929,19,10,19_10,0.0253,0.0
-3.84236,-38.52284,20,10,20_10,0.0,0.0
-3.84236,-38.51639,21,10,21_10,0.0,0.0
-3.84236,-38.50994,22,10,22_10,0.021,0.0987
-3.84236,-38.50349,23,10,23_10,0.0246,0.0929
-3.84236,-38.49704,24,10,24_10,0.0938,0.0
-3.84236,-38.49058,25,10,25_10,0.0918,0.0
-3.84236,-38.48413,26,10,26_10,0.0689,0.0
-3.84236,-38.47768,27,10,27_10,0.1623,0.0
-3.84236,-38.47123,28,10,28_10,0.1124,0.0
-3.84236,-38.46478,29,10,29_10,0.12,0.1034
-3.84236,-38.45833,30,10,30_10,0.0866,0.3046
-3.84236,-38.45188,31,10,31_10,0.0284,0.4083
-3.83591,-38.65188,0,11,00_11,0.8233,0.0
-3.83591,-38.64542,1,11,01_11,0.7011,0.0324
-3.83591,-38.63897,2,11,02_11,0.3371,0.0607
-3.83591,-38.63252,3,11,03_11,0.2636,0.0222
-3.83591,-38.62607,4,11,04_11,0.1369,0.0
-3.83591,-38.61962,5,11,05_11,0.2,0.0
-3.83591,-38.61317,6,11,06_11,0.0889,0.0
-3.83591,-38.60671,7,11,07_11,0.0169,0.0
-3.83591,-38.60026,8,11,08_11,0.0293,0.0
-3.83591,-38.59381,9,11,09_11,0.0505,0.0
-3.83591,-38.58736,10,11,10_11,0.0225,0.0
-3.83591,-38.58091,11,11,11_11,0.0309,0.0
-3.83591,-38.57446,12,11,12_11,0.0017,0.0
-3.83591,-38.568,13,11,13_11,0.0086,0.0
-3.83591,-38.56155,14,11,14_11,0.0112,0.0
-3.83591,-38.5551,15,11,15_11,0.0228,0.0
-3.83591,-38.54865,16,11,16_11,0.3217,0.0
-3.83591,-38.5422,17,11,17_11,0.6548,0.0
-3.83591,-38.53575,18,11,18_11,0.4517,0.0
-3.83591,-38.52929,19,11,19_11,0.0565,0.0
-3.83591,-38.52284,20,11,20_11,0.0,0.0
-3.83591,-38.51639,21,11,21_11,0.0204,0.0
-3.83591,-38.50994,22,11,22_11,0.0199,0.0
-3.83591,-38.50349,23,11,23_11,0.0219,0.1127
-3.83591,-38.49704,24,11,24_11,0.0838,0.0324
-3.83591,-38.49058,25,11,25_11,0.0199,0.0
-3.83591,-38.48413,26,11,26_11,0.0111,0.0
-3.83591,-38.47768,27,11,27_11,0.1086,0.0
-3.83591,-38.47123,28,11,28_11,0.2365,0.0677
-3.83591,-38.46478,29,11,29_11,0.1203,0.0229
-3.83591,-38.45833,30,11,30_11,0.1265,0.1459
-3.83591,-38.45188,31,11,31_11,0.0221,0.533
-3.82946,-38.65188,0,12,00_12,0.6336,0.0
-3.82946,-38.64542,1,12,01_12,0.7312,0.0
-3.82946,-38.63897,2,12,02_12,0.5941,0.0
-3.82946,-38.63252,3,12,03_12,0.3085,0.0
-3.82946,-38.62607,4,12,04_12,0.0455,0.0
-3.82946,-38.61962,5,12,05_12,0.0487,0.0
-3.82946,-38.61317,6,12,06_12,0.147,0.0
-3.82946,-38.60671,7,12,07_12,0.0668,0.0
-3.82946,-38.60026,8,12,08_12,0.0475,0.0
-3.82946,-38.59381,9,12,09_12,0.0155,0.0
-3.82946,-38.58736,10,12,10_12,0.0044,0.0
-3.82946,-38.58091,11,12,11_12,0.0226,0.0
-3.82946,-38.57446,12,12,12_12,0.0003,0.0
-3.82946,-38.568,13,12,13_12,0.0,0.0
-3.82946,-38.56155,14,12,14_12,0.0175,0.0
-3.82946,-38.5551,15,12,15_12,0.0104,0.0
-3.82946,-38.54865,16,12,16_12,0.1119,0.0
-3.82946,-38.5422,17,12,17_12,0.2059,0.0
-3.82946,-38.53575,18,12,18_12,0.32,0.0
-3.82946,-38.52929,19,12,19_12,0.1174,0.0
-3.82946,-38.52284,20,12,20_12,0.0021,0.0
-3.82946,-38.51639,21,12,21_12,0.0137,0.0
-3.82946,-38.50994,22,12,22_12,0.0248,0.0
-3.82946,-38.50349,23,12,23_12,0.0958,0.0
-3.82946,-38.49704,24,12,24_12,0.0246,0.215
-3.82946,-38.49058,25,12,25_12,0.0017,0.0765
-3.82946,-38.48413,26,12,26_12,0.0009,0.0
-3.82946,-38.47768,27,12,27_12,0.0386,0.0
-3.82946,-38.47123,28,12,28_12,0.1409,0.0705
-3.82946,-38.46478,29,12,29_12,0.0001,0.0686
-3.82946,-38.45833,30,12,30_12,0.0952,0.0
-3.82946,-38.45188,31,12,31_12,0.1253,0.2508
-3.823,-38.65188,0,13,00_13,0.3291,0.0
-3.823,-38.64542,1,13,01_13,0.6225,0.0
-3.823,-38.63897,2,13,02_13,0.6586,0.0
-3.823,-38.63252,3,13,03_13,0.3049,0.0
-3.823,-38.62607,4,13,04_13,0.0101,0.0
-3.823,-38.61962,5,13,05_13,0.1335,0.0
-3.823,-38.61317,6,13,06_13,0.1068,0.0
-3.823,-38.60671,7,13,07_13,0.0892,0.0
-3.823,-38.60026,8,13,08_13,0.0674,0.0
-3.823,-38.59381,9,13,09_13,0.0108,0.0
-3.823,-38.58736,10,13,10_13,0.0,0.0
-3.823,-38.58091,11,13,11_13,0.0254,0.0
-3.823,-38.57446,12,13,12_13,0.1055,0.0
-3.823,-38.568,13,13,13_13,0.0589,0.0
-3.823,-38.56155,14,13,14_13,0.0064,0.0
-3.823,-38.5551,15,13,15_13,0.0847,0.0
-3.823,-38.54865,16,13,16_13,0.2821,0.0
-3.823,-38.5422,17,13,17_13,0.1787,0.0
-3.823,-38.53575,18,13,18_13,0.094,0.0
-3.823,-38.52929,19,13,19_13,0.0343,0.0
-3.823,-38.52284,20,13,20_13,0.0036,0.0
-3.823,-38.51639,21,13,21_13,0.0,0.0
-3.823,-38.50994,22,13,22_13,0.0022,0.0
-3.823,-38.50349,23,13,23_13,0.0865,0.0
-3.823,-38.49704,24,13,24_13,0.0757,0.1229
-3.823,-38.49058,25,13,25_13,0.0987,0.0
-3.823,-38.48413,26,13,26_13,0.0886,0.0
-3.823,-38.47768,27,13,27_13,0.0037,0.0
-3.823,-38.47123,28,13,28_13,0.017,0.0
-3.823,-38.46478,29,13,29_13,0.0343,0.0
-3.823,-38.45833,30,13,30_13,0.0332,0.0
-3.823,-38.45188,31,13,31_13,0.0271,0.0978
-3.81655,-38.65188,0,14,00_14,0.3059,0.0
-3.81655,-38.64542,1,14,01_14,0.5611,0.0
-3.81655,-38.63897,2,14,02_14,0.457,0.0
-3.81655,-38.63252,3,14,03_14,0.1001,0.0
-3.81655,-38.62607,4,14,04_14,0.0,0.0
-3.81655,-38.61962,5,14,05_14,0.0105,0.0
-3.81655,-38.61317,6,14,06_14,0.0995,0.0
-3.81655,-38.60671,7,14,07_14,0.0118,0.0
-3.81655,-38.60026,8,14,08_14,0.01,0.0
-3.81655,-38.59381,9,14,09_14,0.0,0.0
-3.81655,-38.58736,10,14,10_14,0.0,0.0
-3.81655,-38.58091,11,14,11_14,0.0021,0.0
-3.81655,-38.57446,12,14,12_14,0.0717,0.0
-3.81655,-38.568,13,14,13_14,0.2664,0.0
-3.81655,-38.56155,14,14,14_14,0.1148,0.0
-3.81655,-38.5551,15,14,15_14,0.0355,0.1015
-3.81655,-38.54865,16,14,16_14,0.1123,0.1144
-3.81655,-38.5422,17,14,17_14,0.0547,0.0
-3.81655,-38.53575,18,14,18_14,0.0126,0.0
-3.81655,-38.52929,19,14,19_14,0.0068,0.0
-3.81655,-38.52284,20,14,20_14,0.0023,0.0
-3.81655,-38.51639,21,14,21_14,0.0,0.0
-3.81655,-38.50994,22,14,22_14,0.0003,0.0
-3.81655,-38.50349,23,14,23_14,0.0672,0.0
-3.81655,-38.49704,24,14,24_14,0.075,0.0
-3.81655,-38.49058,25,14,25_14,0.0373,0.0
-3.81655,-38.48413,26,14,26_14,0.0488,0.0
-3.81655,-38.47768,27,14,27_14,0.007,0.0
-3.81655,-38.47123,28,14,28_14,0.0424,0.0
-3.81655,-38.46478,29,14,29_14,0.1125,0.0
-3.81655,-38.45833,30,14,30_14,0.072,0.0
-3.81655,-38.45188,31,14,31_14,0.0487,0.0
-3.8101,-38.65188,0,15,00_15,0.158,0.0012
-3.8101,-38.64542,1,15,01_15,0.5429,0.0
-3.8101,-38.63897,2,15,02_15,0.4332,0.0
-3.8101,-38.63252,3,15,03_15,0.0003,0.0
-3.8101,-38.62607,4,15,04_15,0.0249,0.0
-3.8101,-38.61962,5,15,05_15,0.1653,0.0
-3.8101,-38.61317,6,15,06_15,0.1843,0.0
-3.8101,-38.60671,7,15,07_15,0.0105,0.0
-3.8101,-38.60026,8,15,08_15,0.0195,0.0
-3.8101,-38.59381,9,15,09_15,0.0,0.0
-3.8101,-38.58736,10,15,10_15,0.0,0.0038
-3.8101,-38.58091,11,15,11_15,0.0519,0.0
-3.8101,-38.57446,12,15,12_15,0.0467,0.0
-3.8101,-38.568,13,15,13_15,0.133,0.0
-3.8101,-38.56155,14,15,14_15,0.114,0.0
-3.8101,-38.5551,15,15,15_15,0.0185,0.0
-3.8101,-38.54865,16,15,16_15,0.039,0.0
-3.8101,-38.5422,17,15,17_15,0.0604,0.0
-3.8101,-38.53575,18,15,18_15,0.0741,0.0
-3.8101,-38.52929,19,15,19_15,0.1316,0.0
-3.8101,-38.52284,20,15,20_15,0.0074,0.0
-3.8101,-38.51639,21,15,21_15,0.0661,0.0
-3.8101,-38.50994,22,15,22_15,0.1129,0.0
-3.8101,-38.50349,23,15,23_15,0.0523,0.0
-3.8101,-38.49704,24,15,24_15,0.0676,0.0
-3.8101,-38.49058,25,15,25_15,0.1051,0.0
-3.8101,-38.48413,26,15,26_15,0.1114,0.0
-3.8101,-38.47768,27,15,27_15,0.0914,0.0
-3.8101,-38.47123,28,15,28_15,0.0706,0.0
-3.8101,-38.46478,29,15,29_15,0.0681,0.0
-3.8101,-38.45833,30,15,30_15,0.0468,0.0
-3.8101,-38.45188,31,15,31_15,0.0495,0.0
-3.80365,-38.65188,0,16,00_16,0.3004,0.0
-3.80365,-38.64542,1,16,01_16,0.3422,0.0
-3.80365,-38.63897,2,16,02_16,0.4158,0.0
-3.80365,-38.63252,3,16,03_16,0.029,0.0
-3.80365,-38.62607,4,16,04_16,0.0201,0.0
-3.80365,-38.61962,5,16,05_16,0.1325,0.0
-3.80365,-38.61317,6,16,06_16,0.0685,0.0
-3.80365,-38.60671,7,16,07_16,0.0,0.0
-3.80365,-38.60026,8,16,08_16,0.0029,0.0
-3.80365,-38.59381,9,16,09_16,0.0012,0.0
-3.80365,-38.58736,10,16,10_16,0.045,0.0
-3.80365,-38.58091,11,16,11_16,0.1029,0.0
-3.80365,-38.57446,12,16,12_16,0.1206,0.0
-3.80365,-38.568,13,16,13_16,0.0075,0.0
-3.80365,-38.56155,14,16,14_16,0.0567,0.0
-3.80365,-38.5551,15,16,15_16,0.0271,0.0
-3.80365,-38.54865,16,16,16_16,0.0315,0.0
-3.80365,-38.5422,17,16,17_16,0.031,0.0
-3.80365,-38.53575,18,16,18_16,0.0755,0.0
-3.80365,-38.52929,19,16,19_16,0.1845,0.0
-3.80365,-38.52284,20,16,20_16,0.1349,0.0
-3.80365,-38.51639,21,16,21_16,0.1261,0.0
-3.80365,-38.50994,22,16,22_16,0.2106,0.0
-3.80365,-38.50349,23,16,23_16,0.0733,0.0
-3.80365,-38.49704,24,16,24_16,0.0513,0.0
-3.80365,-38.49058,25,16,25_16,0.1089,0.0
-3.80365,-38.48413,26,16,26_16,0.2026,0.0
-3.80365,-38.47768,27,16,27_16,0.0791,0.0
-3.80365,-38.47123,28,16,28_16,0.143,0.0
-3.80365,-38.46478,29,16,29_16,0.0473,0.0719
-3.80365,-38.45833,30,16,30_16,0.0209,0.1859
-3.80365,-38.45188,31,16,31_16,0.06,0.0216
-3.7972,-38.65188,0,17,00_17,0.3308,0.0552
-3.7972,-38.64542,1,17,01_17,0.3115,0.0
-3.7972,-38.63897,2,17,02_17,0.2317,0.0
-3.7972,-38.63252,3,17,03_17,0.037,0.0
-3.7972,-38.62607,4,17,04_17,0.0173,0.0
-3.7972,-38.61962,5,17,05_17,0.0298,0.0
-3.7972,-38.61317,6,17,06_17,0.0085,0.0
-3.7972,-38.60671,7,17,07_17,0.0,0.0
-3.7972,-38.60026,8,17,08_17,0.0,0.0
-3.7972,-38.59381,9,17,09_17,0.0,0.0
-3.7972,-38.58736,10,17,10_17,0.0127,0.0
-3.7972,-38.58091,11,17,11_17,0.0349,0.0
-3.7972,-38.57446,12,17,12_17,0.0184,0.0
-3.7972,-38.568,13,17,13_17,0.054,0.0
-3.7972,-38.56155,14,17,14_17,0.1374,0.0
-3.7972,-38.5551,15,17,15_17,0.1122,0.0
-3.7972,-38.54865,16,17,16_17,0.0224,0.0
-3.7972,-38.5422,17,17,17_17,0.0348,0.0
-3.7972,-38.53575,18,17,18_17,0.0403,0.0
-3.7972,-38.52929,19,17,19_17,0.0727,0.0271
-3.7972,-38.52284,20,17,20_17,0.0878,0.0
-3.7972,-38.51639,21,17,21_17,0.1479,0.0
-3.7972,-38.50994,22,17,22_17,0.1772,0.0
-3.7972,-38.50349,23,17,23_17,0.0258,0.0
-3.7972,-38.49704,24,17,24_17,0.0028,0.0
-3.7972,-38.49058,25,17,25_17,0.091,0.0
-3.7972,-38.48413,26,17,26_17,0.1602,0.0
-3.7972,-38.47768,27,17,27_17,0.0217,0.0
-3.7972,-38.47123,28,17,28_17,0.0179,0.0
-3.7972,-38.46478,29,17,29_17,0.0304,0.0
-3.7972,-38.45833,30,17,30_17,0.0998,0.1423
-3.7972,-38.45188,31,17,31_17,0.0734,0.0
-3.79075,-38.65188,0,18,00_18,0.6024,0.0412
-3.79075,-38.64542,1,18,01_18,0.6014,0.0
-3.79075,-38.63897,2,18,02_18,0.4375,0.0
-3.79075,-38.63252,3,18,03_18,0.0794,0.0
-3.79075,-38.62607,4,18,04_18,0.0149,0.0
-3.79075,-38.61962,5,18,05_18,0.0003,0.0
-3.79075,-38.61317,6,18,06_18,0.0045,0.0
-3.79075,-38.60671,7,18,07_18,0.0017,0.0
-3.79075,-38.60026,8,18,08_18,0.0047,0.0
-3.79075,-38.59381,9,18,09_18,0.0016,0.0
-3.79075,-38.58736,10,18,10_18,0.0,0.0
-3.79075,-38.58091,11,18,11_18,0.0,0.0
-3.79075,-38.57446,12,18,12_18,0.0929,0.0
-3.79075,-38.568,13,18,13_18,0.1323,0.0
-3.79075,-38.56155,14,18,14_18,0.1444,0.0
-3.79075,-38.5551,15,18,15_18,0.0669,0.0
-3.79075,-38.54865,16,18,16_18,0.015,0.0
-3.79075,-38.5422,17,18,17_18,0.0278,0.0
-3.79075,-38.53575,18,18,18_18,0.2408,0.0
-3.79075,-38.52929,19,18,19_18,0.2176,0.0021
-3.79075,-38.52284,20,18,20_18,0.0176,0.0
-3.79075,-38.51639,21,18,21_18,0.1561,0.0
-3.79075,-38.50994,22,18,22_18,0.1815,0.0
-3.79075,-38.50349,23,18,23_18,0.0159,0.0
-3.79075,-38.49704,24,18,24_18,0.0051,0.0
-3.79075,-38.49058,25,18,25_18,0.012,0.0
-3.79075,-38.48413,26,18,26_18,0.0119,0.0
-3.79075,-38.47768,27,18,27_18,0.0353,0.0
-3.79075,-38.47123,28,18,28_18,0.0336,0.0
-3.79075,-38.46478,29,18,29_18,0.0692,0.0
-3.79075,-38.45833,30,18,30_18,0.2919,0.0
-3.79075,-38.45188,31,18,31_18,0.2291,0.0
-3.78429,-38.65188,0,19,00_19,0.3925,0.2524
-3.78429,-38.64542,1,19,01_19,0.443,0.1081
-3.78429,-38.63897,2,19,02_19,0.4644,0.0
-3.78429,-38.63252,3,19,03_19,0.1126,0.0
-3.78429,-38.62607,4,19,04_19,0.0084,0.0
-3.78429,-38.61962,5,19,05_19,0.0237,0.0
-3.78429,-38.61317,6,19,06_19,0.0014,0.0
-3.78429,-38.60671,7,19,07_19,0.0025,0.0
-3.78429,-38.60026,8,19,08_19,0.0045,0.0
-3.78429,-38.59381,9,19,09_19,0.0,0.0
-3.78429,-38.58736,10,19,10_19,0.0006,0.0
-3.78429,-38.58091,11,19,11_19,0.0,0.0
-3.78429,-38.57446,12,19,12_19,0.0075,0.0
-3.78429,-38.568,13,19,13_19,0.0489,0.0
-3.78429,-38.56155,14,19,14_19,0.1086,0.0
-3.78429,-38.5551,15,19,15_19,0.0697,0.0
-3.78429,-38.54865,16,19,16_19,0.0161,0.0
-3.78429,-38.5422,17,19,17_19,0.0536,0.0
-3.78429,-38.53575,18,19,18_19,0.3452,0.0
-3.78429,-38.52929,19,19,19_19,0.375,0.0
-3.78429,-38.52284,20,19,20_19,0.182,0.0
-3.78429,-38.51639,21,19,21_19,0.1033,0.0
-3.78429,-38.50994,22,19,22_19,0.0124,0.0461
-3.78429,-38.50349,23,19,23_19,0.0082,0.0
-3.78429,-38.49704,24,19,24_19,0.105,0.0
-3.78429,-38.49058,25,19,25_19,0.093,0.0
-3.78429,-38.48413,26,19,26_19,0.0465,0.0
-3.78429,-38.47768,27,19,27_19,0.2433,0.0
-3.78429,-38.47123,28,19,28_19,0.116,0.0
-3.78429,-38.46478,29,19,29_19,0.247,0.0
-3.78429,-38.45833,30,19,30_19,0.4178,0.0
-3.78429,-38.45188,31,19,31_19,0.4988,0.0
-3.77784,-38.65188,0,20,00_20,0.1676,0.0
-3.77784,-38.64542,1,20,01_20,0.3436,0.0645
-3.77784,-38.63897,2,20,02_20,0.5023,0.0
-3.77784,-38.63252,3,20,03_20,0.0926,0.0
-3.77784,-38.62607,4,20,04_20,0.0189,0.0
-3.77784,-38.61962,5,20,05_20,0.0195,0.0
-3.77784,-38.61317,6,20,06_20,0.0,0.0
-3.77784,-38.60671,7,20,07_20,0.0,0.0
-3.77784,-38.60026,8,20,08_20,0.0,0.0
-3.77784,-38.59381,9,20,09_20,0.0,0.0
-3.77784,-38.58736,10,20,10_20,0.0,0.0
-3.77784,-38.58091,11,20,11_20,0.0,0.0
-3.77784,-38.57446,12,20,12_20,0.0,0.0
-3.77784,-38.568,13,20,13_20,0.0016,0.0
-3.77784,-38.56155,14,20,14_20,0.0068,0.0007
-3.77784,-38.5551,15,20,15_20,0.0253,0.0
-3.77784,-38.54865,16,20,16_20,0.1336,0.0
-3.77784,-38.5422,17,20,17_20,0.184,0.0
-3.77784,-38.53575,18,20,18_20,0.2573,0.0077
-3.77784,-38.52929,19,20,19_20,0.3086,0.0
-3.77784,-38.52284,20,20,20_20,0.1529,0.0
-3.77784,-38.51639,21,20,21_20,0.0654,0.0
-3.77784,-38.50994,22,20,22_20,0.002,0.2113
-3.77784,-38.50349,23,20,23_20,0.0165,0.0486
-3.77784,-38.49704,24,20,24_20,0.1222,0.0
-3.77784,-38.49058,25,20,25_20,0.1066,0.0
-3.77784,-38.48413,26,20,26_20,0.0335,0.0
-3.77784,-38.47768,27,20,27_20,0.1629,0.0
-3.77784,-38.47123,28,20,28_20,0.0966,0.0
-3.77784,-38.46478,29,20,29_20,0.1179,0.0
-3.77784,-38.45833,30,20,30_20,0.2498,0.0009
-3.77784,-38.45188,31,20,31_20,0.6397,0.0
-3.77139,-38.65188,0,21,00_21,0.0473,0.0
-3.77139,-38.64542,1,21,01_21,0.2063,0.0
-3.77139,-38.63897,2,21,02_21,0.2258,0.0
-3.77139,-38.63252,3,21,03_21,0.0339,0.0
-3.77139,-38.62607,4,21,04_21,0.0,0.0
-3.77139,-38.61962,5,21,05_21,0.0,0.0
-3.77139,-38.61317,6,21,06_21,0.0,0.0
-3.77139,-38.60671,7,21,07_21,0.0117,0.0
-3.77139,-38.60026,8,21,08_21,0.0,0.0
-3.77139,-38.59381,9,21,09_21,0.0,0.0
-3.77139,-38.58736,10,21,10_21,0.0,0.0
-3.77139,-38.58091,11,21,11_21,0.0004,0.0
-3.77139,-38.57446,12,21,12_21,0.0022,0.0
-3.77139,-38.568,13,21,13_21,0.0023,0.2359
-3.77139,-38.56155,14,21,14_21,0.18,0.0382
-3.77139,-38.5551,15,21,15_21,0.0282,0.0
-3.77139,-38.54865,16,21,16_21,0.0969,0.0
-3.77139,-38.5422,17,21,17_21,0.1332,0.0
-3.77139,-38.53575,18,21,18_21,0.1303,0.0
-3.77139,-38.52929,19,21,19_21,0.1264,0.052
-3.77139,-38.52284,20,21,20_21,0.0176,0.0
-3.77139,-38.51639,21,21,21_21,0.026,0.0
-3.77139,-38.50994,22,21,22_21,0.0,0.1368
-3.77139,-38.50349,23,21,23_21,0.0959,0.0
-3.77139,-38.49704,24,21,24_21,0.1129,0.0
-3.77139,-38.49058,25,21,25_21,0.0125,0.0
-3.77139,-38.48413,26,21,26_21,0.0336,0.0
-3.77139,-38.47768,27,21,27_21,0.0267,0.0
-3.77139,-38.47123,28,21,28_21,0.1947,0.0
-3.77139,-38.46478,29,21,29_21,0.3418,0.0
-3.77139,-38.45833,30,21,30_21,0.1958,0.2709
-3.77139,-38.45188,31,21,31_21,0.0553,0.5972
-3.76494,-38.65188,0,22,00_22,0.0,0.0
-3.76494,-38.64542,1,22,01_22,0.0,0.0
-3.76494,-38.63897,2,22,02_22,0.0069,0.0
-3.76494,-38.63252,3,22,03_22,0.0,0.0
-3.76494,-38.62607,4,22,04_22,0.0,0.0
-3.76494,-38.61962,5,22,05_22,0.0002,0.0
-3.76494,-38.61317,6,22,06_22,0.0002,0.0
-3.76494,-38.60671,7,22,07_22,0.01,0.0
-3.76494,-38.60026,8,22,08_22,0.0,0.0
-3.76494,-38.59381,9,22,09_22,0.0,0.0
-3.76494,-38.58736,10,22,10_22,0.0185,0.0
-3.76494,-38.58091,11,22,11_22,0.0198,0.0
-3.76494,-38.57446,12,22,12_22,0.005,0.0
-3.76494,-38.568,13,22,13_22,0.0251,0.1629
-3.76494,-38.56155,14,22,14_22,0.0271,0.005
-3.76494,-38.5551,15,22,15_22,0.0,0.0
-3.76494,-38.54865,16,22,16_22,0.0007,0.0
-3.76494,-38.5422,17,22,17_22,0.0017,0.0
-3.76494,-38.53575,18,22,18_22,0.0295,0.0
-3.76494,-38.52929,19,22,19_22,0.0503,0.0247
-3.76494,-38.52284,20,22,20_22,0.1435,0.0111
-3.76494,-38.51639,21,22,21_22,0.0407,0.0
-3.76494,-38.50994,22,22,22_22,0.0289,0.0
-3.76494,-38.50349,23,22,23_22,0.2508,0.0721
-3.76494,-38.49704,24,22,24_22,0.3854,0.0599
-3.76494,-38.49058,25,22,25_22,0.0806,0.0
-3.76494,-38.48413,26,22,26_22,0.0486,0.0
-3.76494,-38.47768,27,22,27_22,0.3237,0.0
-3.76494,-38.47123,28,22,28_22,0.5579,0.0663
-3.76494,-38.46478,29,22,29_22,0.1151,0.3019
-3.76494,-38.45833,30,22,30_22,0.2176,0.3684
-3.76494,-38.45188,31,22,31_22,0.0938,0.2916
-3.75849,-38.65188,0,23,00_23,0.1228,0.0
-3.75849,-38.64542,1,23,01_23,0.1821,0.0
-3.75849,-38.63897,2,23,02_23,0.1163,0.0
-3.75849,-38.63252,3,23,03_23,0.0232,0.0
-3.75849,-38.62607,4,23,04_23,0.003,0.0
-3.75849,-38.61962,5,23,05_23,0.0012,0.0
-3.75849,-38.61317,6,23,06_23,0.0159,0.0
-3.75849,-38.60671,7,23,07_23,0.0098,0.0
-3.75849,-38.60026,8,23,08_23,0.0,0.0
-3.75849,-38.59381,9,23,09_23,0.0064,0.0
-3.75849,-38.58736,10,23,10_23,0.0,0.0
-3.75849,-38.58091,11,23,11_23,0.001,0.0
-3.75849,-38.57446,12,23,12_23,0.0019,0.0
-3.75849,-38.568,13,23,13_23,0.0038,0.0
-3.75849,-38.56155,14,23,14_23,0.0,0.0
-3.75849,-38.5551,15,23,15_23,0.0,0.0
-3.75849,-38.54865,16,23,16_23,0.0,0.0
-3.75849,-38.5422,17,23,17_23,0.0002,0.0
-3.75849,-38.53575,18,23,18_23,0.0205,0.0
-3.75849,-38.52929,19,23,19_23,0.0344,0.0
-3.75849,-38.52284,20,23,20_23,0.0449,0.0
-3.75849,-38.51639,21,23,21_23,0.0194,0.0
-3.75849,-38.50994,22,23,22_23,0.0147,0.0
-3.75849,-38.50349,23,23,23_23,0.4679,0.0
-3.75849,-38.49704,24,23,24_23,0.6361,0.1066
-3.75849,-38.49058,25,23,25_23,0.1778,0.1341
-3.75849,-38.48413,26,23,26_23,0.1368,0.0
-3.75849,-38.47768,27,23,27_23,0.337,0.0
-3.75849,-38.47123,28,23,28_23,0.487,0.0
-3.75849,-38.46478,29,23,29_23,0.2787,0.0
-3.75849,-38.45833,30,23,30_23,0.2424,0.0
-3.75849,-38.45188,31,23,31_23,0.1401,0.0
-3.75204,-38.65188,0,24,00_24,0.652,0.0
-3.75204,-38.64542,1,24,01_24,0.7318,0.0
-3.75204,-38.63897,2,24,02_24,0.6618,0.0
-3.75204,-38.63252,3,24,03_24,0.3215,0.0
-3.75204,-38.62607,4,24,04_24,0.0076,0.0
-3.75204,-38.61962,5,24,05_24,0.032,0.0
-3.75204,-38.61317,6,24,06_24,0.0365,0.0
-3.75204,-38.60671,7,24,07_24,0.0712,0.0
-3.75204,-38.60026,8,24,08_24,0.0196,0.0
-3.75204,-38.59381,9,24,09_24,0.0295,0.0
-3.75204,-38.58736,10,24,10_24,0.0384,0.0
-3.75204,-38.58091,11,24,11_24,0.0229,0.0
-3.75204,-38.57446,12,24,12_24,0.0176,0.0
-3.75204,-38.568,13,24,13_24,0.0068,0.0
-3.75204,-38.56155,14,24,14_24,0.0,0.0
-3.75204,-38.5551,15,24,15_24,0.0,0.0
-3.75204,-38.54865,16,24,16_24,0.0006,0.0
-3.75204,-38.5422,17,24,17_24,0.0002,0.0
-3.75204,-38.53575,18,24,18_24,0.08,0.0
-3.75204,-38.52929,19,24,19_24,0.0497,0.0
-3.75204,-38.52284,20,24,20_24,0.0414,0.0
-3.75204,-38.51639,21,24,21_24,0.0443,0.0
-3.75204,-38.50994,22,24,22_24,0.0,0.0
-3.75204,-38.50349,23,24,23_24,0.1149,0.0
-3.75204,-38.49704,24,24,24_24,0.1462,0.1726
-3.75204,-38.49058,25,24,25_24,0.4512,0.0104
-3.75204,-38.48413,26,24,26_24,0.5489,0.0
-3.75204,-38.47768,27,24,27_24,0.3485,0.0
-3.75204,-38.47123,28,24,28_24,0.161,0.0
-3.75204,-38.46478,29,24,29_24,0.0637,0.0
-3.75204,-38.45833,30,24,30_24,0.0313,0.0
-3.75204,-38.45188,31,24,31_24,0.0005,0.0
-3.74558,-38.65188,0,25,00_25,0.312,0.0
-3.74558,-38.64542,1,25,01_25,0.4272,0.0
-3.74558,-38.63897,2,25,02_25,0.6537,0.0
-3.74558,-38.63252,3,25,03_25,0.6933,0.0032
-3.74558,-38.62607,4,25,04_25,0.2317,0.0
-3.74558,-38.61962,5,25,05_25,0.0677,0.0
-3.74558,-38.61317,6,25,06_25,0.1177,0.0
-3.74558,-38.60671,7,25,07_25,0.059,0.0
-3.74558,-38.60026,8,25,08_25,0.1175,0.0
-3.74558,-38.59381,9,25,09_25,0.047,0.0
-3.74558,-38.58736,10,25,10_25,0.0002,0.0
-3.74558,-38.58091,11,25,11_25,0.0309,0.0
-3.74558,-38.57446,12,25,12_25,0.1805,0.0
-3.74558,-38.568,13,25,13_25,0.168,0.0549
-3.74558,-38.56155,14,25,14_25,0.0016,0.0
-3.74558,-38.5551,15,25,15_25,0.0,0.0
-3.74558,-38.54865,16,25,16_25,0.0013,0.0
-3.74558,-38.5422,17,25,17_25,0.0056,0.0
-3.74558,-38.53575,18,25,18_25,0.0269,0.0
-3.74558,-38.52929,19,25,19_25,0.0088,0.0
-3.74558,-38.52284,20,25,20_25,0.0036,0.0
-3.74558,-38.51639,21,25,21_25,0.002,0.0
-3.74558,-38.50994,22,25,22_25,0.0,0.0
-3.74558,-38.50349,23,25,23_25,0.0015,0.0
-3.74558,-38.49704,24,25,24_25,0.0054,0.0
-3.74558,-38.49058,25,25,25_25,0.1811,0.0
-3.74558,-38.48413,26,25,26_25,0.3142,0.0
-3.74558,-38.47768,27,25,27_25,0.1313,0.0
-3.74558,-38.47123,28,25,28_25,0.0468,0.0
-3.74558,-38.46478,29,25,29_25,0.0578,0.0
-3.74558,-38.45833,30,25,30_25,0.0021,0.0
-3.74558,-38.45188,31,25,31_25,0.018,0.0
-3.73913,-38.65188,0,26,00_26,0.0546,0.0
-3.73913,-38.64542,1,26,01_26,0.1216,0.0
-3.73913,-38.63897,2,26,02_26,0.4887,0.0
-3.73913,-38.63252,3,26,03_26,0.7617,0.0
-3.73913,-38.62607,4,26,04_26,0.6971,0.0
-3.73913,-38.61962,5,26,05_26,0.2951,0.0
-3.73913,-38.61317,6,26,06_26,0.1679,0.0
-3.73913,-38.60671,7,26,07_26,0.3641,0.0
-3.73913,-38.60026,8,26,08_26,0.2637,0.0
-3.73913,-38.59381,9,26,09_26,0.0255,0.0
-3.73913,-38.58736,10,26,10_26,0.011,0.0
-3.73913,-38.58091,11,26,11_26,0.0943,0.0
-3.73913,-38.57446,12,26,12_26,0.2419,0.0
-3.73913,-38.568,13,26,13_26,0.145,0.0
-3.73913,-38.56155,14,26,14_26,0.011,0.0
-3.73913,-38.5551,15,26,15_26,0.005,0.0
-3.73913,-38.54865,16,26,16_26,0.0,0.0
-3.73913,-38.5422,17,26,17_26,0.0,0.0
-3.73913,-38.53575,18,26,18_26,0.0,0.0
-3.73913,-38.52929,19,26,19_26,0.0036,0.0
-3.73913,-38.52284,20,26,20_26,0.0039,0.0
-3.73913,-38.51639,21,26,21_26,0.0031,0.0
-3.73913,-38.50994,22,26,22_26,0.0,0.0
-3.73913,-38.50349,23,26,23_26,0.0051,0.0
-3.73913,-38.49704,24,26,24_26,0.0032,0.0
-3.73913,-38.49058,25,26,25_26,0.0021,0.0
-3.73913,-38.48413,26,26,26_26,0.0117,0.0
-3.73913,-38.47768,27,26,27_26,0.0,0.0
-3.73913,-38.47123,28,26,28_26,0.0617,0.0
-3.73913,-38.46478,29,26,29_26,0.0707,0.0
-3.73913,-38.45833,30,26,30_26,0.02,0.0
-3.73913,-38.45188,31,26,31_26,0.0033,0.3596
-3.73268,-38.65188,0,27,00_27,0.1319,0.0122
-3.73268,-38.64542,1,27,01_27,0.1671,0.0128
-3.73268,-38.63897,2,27,02_27,0.4644,0.0
-3.73268,-38.63252,3,27,03_27,0.7366,0.0
-3.73268,-38.62607,4,27,04_27,0.8592,0.0
-3.73268,-38.61962,5,27,05_27,0.7283,0.0
-3.73268,-38.61317,6,27,06_27,0.5603,0.0
-3.73268,-38.60671,7,27,07_27,0.627,0.0
-3.73268,-38.60026,8,27,08_27,0.1666,0.0
-3.73268,-38.59381,9,27,09_27,0.0,0.0
-3.73268,-38.58736,10,27,10_27,0.0,0.0
-3.73268,-38.58091,11,27,11_27,0.0023,0.0
-3.73268,-38.57446,12,27,12_27,0.0304,0.0
-3.73268,-38.568,13,27,13_27,0.0459,0.0
-3.73268,-38.56155,14,27,14_27,0.0586,0.0
-3.73268,-38.5551,15,27,15_27,0.0327,0.0
-3.73268,-38.54865,16,27,16_27,0.0011,0.0
-3.73268,-38.5422,17,27,17_27,0.0,0.0
-3.73268,-38.53575,18,27,18_27,0.0088,0.0
-3.73268,-38.52929,19,27,19_27,0.0203,0.0
-3.73268,-38.52284,20,27,20_27,0.0242,0.0
-3.73268,-38.51639,21,27,21_27,0.0048,0.0
-3.73268,-38.50994,22,27,22_27,0.004,0.0
-3.73268,-38.50349,23,27,23_27,0.0079,0.0
-3.73268,-38.49704,24,27,24_27,0.0054,0.0
-3.73268,-38.49058,25,27,25_27,0.0018,0.0
-3.73268,-38.48413,26,27,26_27,0.004,0.0
-3.73268,-38.47768,27,27,27_27,0.0,0.0
-3.73268,-38.47123,28,27,28_27,0.0,0.0
-3.73268,-38.46478,29,27,29_27,0.0092,0.0
-3.73268,-38.45833,30,27,30_27,0.0297,0.1066
-3.73268,-38.45188,31,27,31_27,0.0,0.6482
-3.72623,-38.65188,0,28,00_28,0.1205,0.0
-3.72623,-38.64542,1,28,01_28,0.2246,0.0
-3.72623,-38.63897,2,28,02_28,0.229,0.0
-3.72623,-38.63252,3,28,03_28,0.3405,0.0
-3.72623,-38.62607,4,28,04_28,0.6747,0.0
-3.72623,-38.61962,5,28,05_28,0.5407,0.2221
-3.72623,-38.61317,6,28,06_28,0.8521,0.0
-3.72623,-38.60671,7,28,07_28,0.5719,0.0
-3.72623,-38.60026,8,28,08_28,0.0186,0.0
-3.72623,-38.59381,9,28,09_28,0.0,0.0
-3.72623,-38.58736,10,28,10_28,0.0013,0.0
-3.72623,-38.58091,11,28,11_28,0.0028,0.0375
-3.72623,-38.57446,12,28,12_28,0.0088,0.0607
-3.72623,-38.568,13,28,13_28,0.0109,0.0
-3.72623,-38.56155,14,28,14_28,0.0338,0.0
-3.72623,-38.5551,15,28,15_28,0.0312,0.0
-3.72623,-38.54865,16,28,16_28,0.0025,0.0
-3.72623,-38.5422,17,28,17_28,0.0032,0.0
-3.72623,-38.53575,18,28,18_28,0.0073,0.0
-3.72623,-38.52929,19,28,19_28,0.0328,0.0
-3.72623,-38.52284,20,28,20_28,0.0288,0.0
-3.72623,-38.51639,21,28,21_28,0.0113,0.0
-3.72623,-38.50994,22,28,22_28,0.0013,0.0057
-3.72623,-38.50349,23,28,23_28,0.0044,0.1368
-3.72623,-38.49704,24,28,24_28,0.0029,0.2799
-3.72623,-38.49058,25,28,25_28,0.0185,0.2504
-3.72623,-38.48413,26,28,26_28,0.0404,0.1262
-3.72623,-38.47768,27,28,27_28,0.0103,0.035
-3.72623,-38.47123,28,28,28_28,0.0077,0.0
-3.72623,-38.46478,29,28,29_28,0.0237,0.0
-3.72623,-38.45833,30,28,30_28,0.0276,0.3577
-3.72623,-38.45188,31,28,31_28,0.0,0.8966
-3.71978,-38.65188,0,29,00_29,0.5319,0.0
-3.71978,-38.64542,1,29,01_29,0.7333,0.0
-3.71978,-38.63897,2,29,02_29,0.4202,0.0
-3.71978,-38.63252,3,29,03_29,0.4006,0.0
-3.71978,-38.62607,4,29,04_29,0.5807,0.0
-3.71978,-38.61962,5,29,05_29,0.691,0.057
-3.71978,-38.61317,6,29,06_29,0.5963,0.1338
-3.71978,-38.60671,7,29,07_29,0.1264,0.225
-3.71978,-38.60026,8,29,08_29,0.0096,0.0
-3.71978,-38.59381,9,29,09_29,0.0,0.0
-3.71978,-38.58736,10,29,10_29,0.0041,0.0
-3.71978,-38.58091,11,29,11_29,0.0037,0.0385
-3.71978,-38.57446,12,29,12_29,0.0084,0.032
-3.71978,-38.568,13,29,13_29,0.0363,0.0
-3.71978,-38.56155,14,29,14_29,0.0076,0.0
-3.71978,-38.5551,15,29,15_29,0.0014,0.0
-3.71978,-38.54865,16,29,16_29,0.0019,0.0
-3.71978,-38.5422,17,29,17_29,0.004,0.0574
-3.71978,-38.53575,18,29,18_29,0.0112,0.253
-3.71978,-38.52929,19,29,19_29,0.0178,0.393
-3.71978,-38.52284,20,29,20_29,0.0106,0.3272
-3.71978,-38.51639,21,29,21_29,0.0103,0.3165
-3.71978,-38.50994,22,29,22_29,0.0009,0.4642
-3.71978,-38.50349,23,29,23_29,0.0,0.7144
-3.71978,-38.49704,24,29,24_29,0.0,0.8695
-3.71978,-38.49058,25,29,25_29,0.0021,0.8375
-3.71978,-38.48413,26,29,26_29,0.0069,0.7102
-3.71978,-38.47768,27,29,27_29,0.0,0.3469
-3.71978,-38.47123,28,29,28_29,0.0,0.0
-3.71978,-38.46478,29,29,29_29,0.0208,0.0659
-3.71978,-38.45833,30,29,30_29,0.0288,0.5969
-3.71978,-38.45188,31,29,31_29,0.0,1.0
-3.71333,-38.65188,0,30,00_30,0.325,0.1967
-3.71333,-38.64542,1,30,01_30,0.6763,0.0121
-3.71333,-38.63897,2,30,02_30,0.6475,0.067
-3.71333,-38.63252,3,30,03_30,0.238,0.4709
-3.71333,-38.62607,4,30,04_30,0.7948,0.0
-3.71333,-38.61962,5,30,05_30,0.7793,0.0003
-3.71333,-38.61317,6,30,06_30,0.6988,0.0
-3.71333,-38.60671,7,30,07_30,0.1963,0.0145
-3.71333,-38.60026,8,30,08_30,0.0213,0.0
-3.71333,-38.59381,9,30,09_30,0.0,0.0
-3.71333,-38.58736,10,30,10_30,0.0106,0.0
-3.71333,-38.58091,11,30,11_30,0.0218,0.0
-3.71333,-38.57446,12,30,12_30,0.0175,0.0
-3.71333,-38.568,13,30,13_30,0.0293,0.0
-3.71333,-38.56155,14,30,14_30,0.0018,0.0
-3.71333,-38.5551,15,30,15_30,0.0,0.0017
-3.71333,-38.54865,16,30,16_30,0.0,0.1481
-3.71333,-38.5422,17,30,17_30,0.0094,0.4896
-3.71333,-38.53575,18,30,18_30,0.0061,0.8407
-3.71333,-38.52929,19,30,19_30,0.0,0.9662
-3.71333,-38.52284,20,30,20_30,0.0,0.9004
-3.71333,-38.51639,21,30,21_30,0.0,0.9021
-3.71333,-38.50994,22,30,22_30,0.0,0.9535
-3.71333,-38.50349,23,30,23_30,0.0,1.0
-3.71333,-38.49704,24,30,24_30,0.0,1.0
-3.71333,-38.49058,25,30,25_30,0.0,1.0
-3.71333,-38.48413,26,30,26_30,0.0,0.9846
-3.71333,-38.47768,27,30,27_30,0.01,0.6415
-3.71333,-38.47123,28,30,28_30,0.0082,0.0922
-3.71333,-38.46478,29,30,29_30,0.0007,0.1941
-3.71333,-38.45833,30,30,30_30,0.0,0.7537
-3.71333,-38.45188,31,30,31_30,0.0,1.0
-3.70688,-38.65188,0,31,00_31,0.2186,0.0
-3.70688,-38.64542,1,31,01_31,0.1506,0.0
-3.70688,-38.63897,2,31,02_31,0.5355,0.0044
-3.70688,-38.63252,3,31,03_31,0.2584,0.2963
-3.70688,-38.62607,4,31,04_31,0.7545,0.0
-3.70688,-38.61962,5,31,05_31,0.7394,0.0586
-3.70688,-38.61317,6,31,06_31,0.6481,0.0075
-3.70688,-38.60671,7,31,07_31,0.3305,0.1159
-3.70688,-38.60026,8,31,08_31,0.2687,0.1989
-3.70688,-38.59381,9,31,09_31,0.1115,0.0859
-3.70688,-38.58736,10,31,10_31,0.0463,0.0
-3.70688,-38.58091,11,31,11_31,0.025,0.0
-3.70688,-38.57446,12,31,12_31,0.003,0.0
-3.70688,-38.568,13,31,13_31,0.0152,0.051
-3.70688,-38.56155,14,31,14_31,0.0073,0.197
-3.70688,-38.5551,15,31,15_31,0.0,0.4369
-3.70688,-38.54865,16,31,16_31,0.0,0.7344
-3.70688,-38.5422,17,31,17_31,0.0,0.9335
-3.70688,-38.53575,18,31,18_31,0.0,1.0
-3.70688,-38.52929,19,31,19_31,0.0,1.0
-3.70688,-38.52284,20,31,20_31,0.0,1.0
-3.70688,-38.51639,21,31,21_31,0.0,1.0
-3.70688,-38.50994,22,31,22_31,0.0,1.0
-3.70688,-38.50349,23,31,23_31,0.0,1.0
-3.70688,-38.49704,24,31,24_31,0.0,1.0
-3.70688,-38.49058,25,31,25_31,0.0,1.0
-3.70688,-38.48413,26,31,26_31,0.0,0.9905
-3.70688,-38.47768,27,31,27_31,0.0112,0.7736
-3.70688,-38.47123,28,31,28_31,0.0191,0.4794
-3.70688,-38.46478,29,31,29_31,0.0,0.6304
-3.70688,-38.45833,30,31,30_31,0.0,0.8928
-3.70688,-38.45188,31,31,31_31,0.0,1.0
